,Unnamed: 0,State,District,MapeScore arima,MapeScore var,MapeScore poly
0,0,Bihar,Munger,11.362465443810427,10.980605423475739,
1,1,Punjab,Fatehgarh Sahib,25.650700638232266,,
2,2,Tamil Nadu,Kancheepuram,9.737994587103485,7.188084463058764,
3,3,Tamil Nadu,Tiruvannamalai,7.14003802688398,1.8830943573296706,
4,4,Himachal Pradesh,Una,32.37576555449623,,
5,5,Kerala,Idukki,8.067519377906843,,
6,6,Karnataka,Mandya,15.738850703094986,,
7,7,Karnataka,Koppal,3.8588913476757543,,
8,8,Uttar Pradesh,Mathura,2.227698475132508,10.410881958772517,
9,9,Jammu and Kashmir,Jammu,45.01256571185601,11.799692425709837,
10,10,Chhattisgarh,Bastar,6.32042458065306,,
11,11,Madhya Pradesh,Sheopur,5.193649878551559,,
12,12,Gujarat,Rajkot,6.878831169289413,6.706755940998913,
13,13,Arunachal Pradesh,Lower Subansiri,2.438964202289395,,
14,14,Punjab,Sangrur,13.90231082698509,,
15,15,Uttar Pradesh,Hamirpur,30.625623233572284,18.310487173425994,
16,16,Haryana,Rohtak,12.313491008828812,3.6395152245977296,
17,17,Uttar Pradesh,Fatehpur,2.98429751365998,,
18,18,Maharashtra,Satara,24.78205344406096,15.31588664834407,
19,19,Jharkhand,Jamtara,12.476086705477348,,
20,20,Karnataka,Yadgir,4.317000699475602,,
21,21,Uttar Pradesh,Kanpur Nagar,7.044062697782033,6.063024426906987,
22,22,Odisha,Koraput,18.600899307219386,,
23,23,Uttar Pradesh,Auraiya,8.404412103702443,0.29520687222316616,
24,24,West Bengal,Dakshin Dinajpur,5.5587251728382885,,
25,25,Madhya Pradesh,Singrauli,14.551094797356846,,
26,26,Haryana,Karnal,22.769878414562093,4.511083721121381,
27,27,Jammu and Kashmir,Rajouri,26.88823108790266,,
28,28,Haryana,Sirsa,27.11971221167232,,
29,29,Odisha,Ganjam,9.857465646586986,1.4965051974270944,
30,30,Himachal Pradesh,Chamba,13.269938414687502,,
31,31,Kerala,Thiruvananthapuram,5.418645932013125,20.83536190906966,
32,32,Madhya Pradesh,Mandsaur,11.318196881663717,7.562780148119824,
33,33,Uttar Pradesh,Rae Bareli,8.623266484990182,3.828228058139465,
34,34,Chhattisgarh,Durg,28.314483921337814,3.843443661207946,
35,35,Meghalaya,West Khasi Hills,1.1271696104030509,,
36,36,Uttar Pradesh,Shahjahanpur,4.327773766219184,,
37,37,Uttar Pradesh,Bahraich,26.87255859928187,,
38,38,Andhra Pradesh,West Godavari,1.2349128578277473,,
39,39,Madhya Pradesh,Jhabua,14.1546592864208,2.0257832947021894,
40,40,Andhra Pradesh,Kurnool,14.210542006028627,8.87380429840728,
41,41,Meghalaya,East Khasi Hills,21.40577274424746,35.14761188260227,
42,42,Uttar Pradesh,Lucknow,7.659140265798384,16.040597321265277,
43,43,Uttarakhand,Tehri Garhwal,2.119642453093344,,
44,44,Uttarakhand,Almora,35.029805165998724,0.3185085492063635,
45,45,Arunachal Pradesh,Changlang,1.2162452538976891,,
46,46,Arunachal Pradesh,Anjaw,11.324607671781767,,
47,47,Karnataka,Gadag,10.022493772836519,15.655344527437528,
48,48,Meghalaya,West Garo Hills,3.7728865532451166,,
49,49,Tamil Nadu,Namakkal,19.925664696006887,,
50,50,Jharkhand,Pakur,1.1179763857104543,,
51,51,West Bengal,Nadia,9.322718060266208,,
52,52,Uttar Pradesh,Bareilly,1.5956978347913813,14.780665151147007,
53,53,Jammu and Kashmir,Samba,18.48936444406863,,
54,54,Bihar,Araria,5.120189552410091,,
55,55,Odisha,Dhenkanal,9.461082354859137,,
56,56,Madhya Pradesh,Bhind,6.619181081490287,,
57,57,Jammu and Kashmir,Ganderbal,4.4288147576542976,,
58,58,Jharkhand,Giridih,14.360447307927355,2.050333205774525,
59,59,Uttar Pradesh,Agra,20.581535442204675,8.0682174544389,
60,60,Maharashtra,Washim,18.582989126050773,,
61,61,Bihar,Madhepura,18.055659637621602,1.7675292387644828,
62,62,Rajasthan,Hanumangarh,13.347155522321925,,
63,63,Uttar Pradesh,Bijnor,12.182046837871662,5.447543339450972,
64,64,Puducherry,Karaikal,20.077308130613254,,
65,65,Maharashtra,Wardha,12.596619050365266,,
66,66,Haryana,Bhiwani,7.720279269508293,,
67,67,Karnataka,Uttara Kannada,9.535081566599274,,
68,68,Rajasthan,Karauli,9.71529369489886,7.863491484703447,
69,69,Chhattisgarh,Rajnandgaon,39.52061435432584,,
70,70,Kerala,Ernakulam,12.682499958679767,11.83557814488133,
71,71,Madhya Pradesh,Damoh,2.304374478239837,,
72,72,Chandigarh,Chandigarh,8.070539154220178,21.465055152017182,
73,73,Chhattisgarh,Mahasamund,3.3207002392033296,,
74,74,Uttar Pradesh,Chitrakoot,3.5211375375383445,15.274875867249213,
75,75,Haryana,Faridabad,13.719327669299455,2.8141207400196424,
76,76,Gujarat,Tapi,10.751234032787194,,
77,77,Rajasthan,Ganganagar,2.1349967490841584,,
78,78,Odisha,Bhadrak,6.485528842164209,,
79,79,Jharkhand,Saraikela-Kharsawan,8.94338554949001,,
80,80,Bihar,Bhagalpur,8.300168201812145,,
81,81,Maharashtra,Ratnagiri,10.450713626968318,3.855182416582327,
82,82,Jammu and Kashmir,Kupwara,7.955443613552386,0.6192067516834489,
83,83,Haryana,Kaithal,9.565214734064616,,
84,84,Jammu and Kashmir,Kishtwar,52.391373055769975,,
85,85,Jammu and Kashmir,Ramban,22.190964393237447,,
86,86,Uttar Pradesh,Varanasi,5.586123382060168,,
87,87,Tripura,South Tripura,2.9360164840100205,,
88,88,Arunachal Pradesh,West Kameng,5.553960287144156,,
89,89,Bihar,Lakhisarai,13.754712608578114,,
90,90,Karnataka,Dakshina Kannada,9.207006469421485,4.7075527614424155,
91,91,Madhya Pradesh,Raisen,7.816309945149019,15.583129740951184,
92,92,Gujarat,Valsad,1.6501008794263097,6.037373643545053,
93,93,Jharkhand,Bokaro,29.43905702743816,34.88096022426408,
94,94,Madhya Pradesh,Sehore,13.193630670187767,2.2549559663404573,
95,95,Gujarat,Amreli,1.3299661815511097,,
96,96,Jharkhand,Dhanbad,42.810002274540786,,
97,97,Uttar Pradesh,Mahoba,13.468835656593257,5.866990404383569,
98,98,Madhya Pradesh,Hoshangabad,18.419203319294173,30.390926739702568,
99,99,Maharashtra,Solapur,6.348296881089933,5.110812789068948,
100,100,Madhya Pradesh,Ashoknagar,29.193482025677838,3.4798389603644955,
101,101,Madhya Pradesh,Rewa,17.145042098006037,,
102,102,Madhya Pradesh,Shahdol,13.597047024007015,,
103,103,Madhya Pradesh,Dhar,24.40816944013521,15.21224488226452,
104,104,Arunachal Pradesh,Upper Subansiri,4.486686845724255,,
105,105,Jharkhand,Deoghar,10.26133625688658,,
106,106,Himachal Pradesh,Kinnaur,3.1433817087149665,,
107,107,West Bengal,Murshidabad,14.746192380628454,4.081698685959405,
108,108,Gujarat,Gandhinagar,1.5482399119267436,3.4523020374307025,
109,109,Madhya Pradesh,Chhatarpur,2.100056973568138,,
110,110,Uttar Pradesh,Gonda,29.44844301466602,,
111,111,Gujarat,Narmada,2.0717404148006184,,
112,112,Maharashtra,Mumbai,5.824594452529111,1.6414698321195802,
113,113,Bihar,Siwan,27.87372920295961,1.1646129280822983,
114,114,Nagaland,Kohima,9.771935093110468,,
115,115,West Bengal,Paschim Medinipur,9.944829749484963,,
116,116,Uttar Pradesh,Jhansi,1.6836455507020096,4.920756161643765,
117,117,Jharkhand,Gumla,10.076897266139929,,
118,118,Arunachal Pradesh,East Siang,2.2445440387524354,,
119,119,Madhya Pradesh,Chhindwara,20.311842684178487,18.715582521693758,
120,120,Odisha,Gajapati,0.7619894045507659,,
121,121,Maharashtra,Nanded,16.391136417562333,6.252899731335735,
122,122,Uttar Pradesh,Jaunpur,6.564207424188912,1.5434775102935145,
123,123,Rajasthan,Jaipur,11.200564280136792,13.894907809268759,
124,124,Maharashtra,Latur,4.448432956073977,7.791787716959197,
125,125,Maharashtra,Amravati,18.603154872006627,13.809803309598385,
126,126,Haryana,Sonipat,18.391778930325998,3.662783187941273,
127,127,Madhya Pradesh,Indore,9.737915090357063,5.557785452770134,
128,128,Uttar Pradesh,Siddharthnagar,10.762986950320856,1.5066029543738817,
129,129,Punjab,Rupnagar,8.389968143882074,41.274186750163864,
130,130,Jammu and Kashmir,Doda,63.459435595294565,,
131,131,Maharashtra,Jalgaon,2.0963241660340977,6.3624847204743125,
132,132,Punjab,Tarn Taran,16.353394962931993,0.505414227295474,
133,133,Haryana,Ambala,9.371848555162936,4.0193580648704,
134,134,Maharashtra,Aurangabad,94.86940881786914,61.385553973422155,
135,135,Jammu and Kashmir,Anantnag,3.0757841928307146,5.875975234163156,
136,136,Odisha,Nuapada,10.289082651395127,,
137,137,Maharashtra,Gadchiroli,9.809278121723752,,
138,138,Uttar Pradesh,Azamgarh,6.1646733176083215,4.179824832376751,
139,139,Chhattisgarh,Uttar Bastar Kanker,15.496160347775538,,
140,140,Gujarat,Anand,5.413919259231303,8.777882662981604,
141,141,Bihar,Sitamarhi,17.736046782139965,17.33726364176037,
142,142,Tamil Nadu,Ramanathapuram,10.078286533837208,1.7431492957901533,
143,143,Karnataka,Dharwad,3.042677479629918,,
144,144,Mizoram,Lawngtlai,3.055501128177167,,
145,145,Uttar Pradesh,Muzaffarnagar,21.64616430256284,2.888222637072543,
146,146,Tamil Nadu,Sivaganga,8.858693887505895,,
147,147,Madhya Pradesh,Katni,10.860939786225796,,
148,148,Jammu and Kashmir,Kulgam,12.662308487399489,0.684164843123312,
149,149,Tamil Nadu,Nagapattinam,19.665233116647087,,
150,150,Chhattisgarh,Bilaspur,57.11036267995064,28.49121849504878,
151,151,Haryana,Yamunanagar,20.07261874446685,,
152,152,Madhya Pradesh,Alirajpur,12.878241738893445,,
153,153,Uttar Pradesh,Farrukhabad,6.786448155584988,,
154,154,Madhya Pradesh,Bhopal,1.7040584124526563,3.634196447317839,
155,155,Uttar Pradesh,Unnao,3.2775420595914166,2.2302365685000467,
156,156,Bihar,Gaya,17.698846100466707,,
157,157,Gujarat,Bhavnagar,2.4406862603469603,20.924863471119675,
158,158,Bihar,Sheohar,9.61421224380793,,
159,159,Punjab,Shahid Bhagat Singh Nagar,7.0978036525009225,33.63182830457275,
160,160,Rajasthan,Bundi,5.215513526889918,,
161,161,Karnataka,Udupi,17.234026803498757,2.8772186545706466,
162,162,Odisha,Balangir,4.053095453439709,,
163,163,Bihar,Jamui,1.2209133513708914,,
164,164,Kerala,Pathanamthitta,5.04535948543128,2.4707705475954813,
165,165,Rajasthan,Tonk,8.051056169573519,30.230276078177365,
166,166,Odisha,Bargarh,2.3482804982363774,,
167,167,Andhra Pradesh,Guntur,3.002845383098982,8.908024382485106,
168,168,Haryana,Panipat,4.3653422821215955,12.14543374981352,
169,169,Madhya Pradesh,Betul,20.44804920049621,,
170,170,Bihar,Nalanda,20.103497649130205,0.5899890805173328,
171,171,Odisha,Khordha,4.712796079742158,18.640738124841047,
172,172,Chhattisgarh,Dhamtari,17.366164049626892,,
173,173,Punjab,Moga,35.28176724248979,,
174,174,Madhya Pradesh,Guna,4.7454519559187105,,
175,175,Kerala,Palakkad,11.705521508688587,1.0416553974850007,
176,176,Uttar Pradesh,Banda,27.676158376587672,,
177,177,Uttar Pradesh,Rampur,8.322948409892964,0.5197418359356749,
178,178,Uttar Pradesh,Etah,10.887408940882347,13.41488810096777,
179,179,Rajasthan,Pali,3.743709866485554,2.5623279777790735,
180,180,Rajasthan,Jodhpur,1.975658566540768,3.9853862613503868,
181,181,Uttar Pradesh,Basti,7.519230789041278,12.099859388158585,
182,182,Odisha,Jharsuguda,22.15479317231856,,
183,183,Tamil Nadu,Viluppuram,3.159530589503288,6.89762562814642,
184,184,Tripura,West Tripura,4.14971896389056,,
185,185,Punjab,Kapurthala,14.295805743760054,16.150863567435046,
186,186,Madhya Pradesh,Jabalpur,10.428424431610138,19.746758713031472,
187,187,Maharashtra,Yavatmal,21.7089814886679,2.2977092888111774,
188,188,Uttar Pradesh,Sonbhadra,3.0404404621352765,,
189,189,Bihar,Saran,17.498764383709972,1.2474377269620256,
190,190,Arunachal Pradesh,East Kameng,0.7369844605602143,,
191,191,Andhra Pradesh,Chittoor,7.854533693767069,1.018756368217453,
192,192,Kerala,Thrissur,12.58338010089888,8.36524412995664,
193,193,Maharashtra,Osmanabad,30.17553312335287,,
194,194,Uttar Pradesh,Mainpuri,11.064589487557301,2.707839493974309,
195,195,Tamil Nadu,Thanjavur,1.07195836689109,,
196,196,Bihar,Muzaffarpur,9.725796226355394,,
197,197,Uttar Pradesh,Ambedkar Nagar,3.998376031573158,2.948624422691909,
198,198,Uttar Pradesh,Sultanpur,12.523153616540654,,
199,199,Jharkhand,Hazaribagh,22.393871517327284,,
200,200,Arunachal Pradesh,Lower Dibang Valley,1.7413957088609604,,
201,201,Tamil Nadu,Cuddalore,5.879822354731313,7.66030422592918,
202,202,Madhya Pradesh,Vidisha,5.1892677355576495,,
203,203,Maharashtra,Hingoli,3.2420056339103454,,
204,204,West Bengal,Bankura,3.8668201426936792,,
205,205,Himachal Pradesh,Hamirpur,30.625623233572284,18.310487173425994,
206,206,Karnataka,Kolar,1.7264040804008098,,
207,207,Chhattisgarh,Dakshin Bastar Dantewada,22.87778540335952,,
208,208,Rajasthan,Dungarpur,17.074014367311488,,
209,209,Tamil Nadu,Tiruppur,19.8769230076622,,
210,210,Haryana,Kurukshetra,16.51738001913612,,
211,211,Rajasthan,Pratapgarh,93.18176476609214,50.854799004880405,
212,212,Arunachal Pradesh,Papum Pare,2.1363320362167184,,
213,213,Punjab,Bathinda,11.330765162337606,,
214,214,Bihar,Aurangabad,94.86940881786914,61.385553973422155,
215,215,Gujarat,Vadodara,1.3275019808624289,4.933305720387813,
216,216,Maharashtra,Pune,4.146883393835329,5.8378436364942115,
217,217,Uttar Pradesh,Gorakhpur,12.089628207269106,1.6705529717045537,
218,218,Rajasthan,Rajsamand,1.7143366063113126,2.789894501236668,
219,219,Bihar,Buxar,8.323622059507636,,
220,220,Madhya Pradesh,Dindori,37.38290454803155,,
221,221,Himachal Pradesh,Shimla,28.929105862333735,5.8633855789478595,
222,222,Uttar Pradesh,Budaun,29.751499210304484,,
223,223,Jammu and Kashmir,Reasi,11.417575097043835,,
224,224,Odisha,Rayagada,9.170319560524216,,
225,225,Haryana,Hisar,17.424298713080088,,
226,226,Jharkhand,Ranchi,15.116431760872835,22.81255895158007,
227,227,Maharashtra,Nashik,9.097200026726467,7.285096473327781,
228,228,Gujarat,Bharuch,7.337821459594405,4.6998007913653455,
229,229,Rajasthan,Sikar,18.98020204181065,22.539735632294196,
230,230,Rajasthan,Udaipur,7.675307342273708,4.2965041607654335,
231,231,Punjab,Faridkot,8.018385571424828,,
232,232,Bihar,Rohtas,14.431403441142256,2.515353436394553,
233,233,Ladakh,Kargil,1.9094578546127001,,
234,234,Odisha,Nabarangapur,8.044674055621837,,
235,235,Tamil Nadu,Thiruvarur,18.627523905114693,,
236,236,Madhya Pradesh,Harda,11.861099373827019,,
237,237,Odisha,Malkangiri,1.3222658442131363,,
238,238,Bihar,Madhubani,21.918324204707677,,
239,239,Gujarat,Jamnagar,8.451028432230325,11.231106585243095,
240,240,Himachal Pradesh,Mandi,50.71876910109544,5.12333103487173,
241,241,Arunachal Pradesh,Tirap,3.522567959954776,,
242,242,Uttar Pradesh,Lalitpur,16.975784718857447,,
243,243,Andhra Pradesh,Krishna,12.01331535805079,9.77617251838053,
244,244,Odisha,Kalahandi,13.880567089663925,,
245,245,Rajasthan,Bhilwara,15.264840531063015,11.740150815361785,
246,246,Kerala,Kannur,19.410138330037405,20.578578595996568,
247,247,Jharkhand,Chatra,10.462134803303345,,
248,248,Uttar Pradesh,Etawah,12.178680536723402,2.9105990739804697,
249,249,Maharashtra,Jalna,4.178654345909584,,
250,250,Madhya Pradesh,Shivpuri,22.631166060540284,,
251,251,Bihar,Gopalganj,7.2993620507097665,,
252,252,Uttar Pradesh,Pilibhit,17.846893756304397,,
253,253,Jammu and Kashmir,Udhampur,27.23495316738323,11.891541943799865,
254,254,Haryana,Jind,41.50043245084388,6.2594035884518044,
255,255,Uttar Pradesh,Kushinagar,18.178779363016385,3.8657806705528936,
256,256,Nagaland,Peren,0.5929927346851405,,
257,257,Gujarat,Porbandar,30.333900287355647,2.8199508795510866,
258,258,Uttar Pradesh,Ballia,2.1762970882475563,,
259,259,Madhya Pradesh,Balaghat,9.786016039455163,,
260,260,Andhra Pradesh,Visakhapatnam,5.061381916404075,6.162269176711329,
261,261,Haryana,Mahendragarh,2.021169483077367,,
262,262,Uttar Pradesh,Meerut,24.435612955202735,5.358539091814896,
263,263,Jharkhand,Khunti,6.039480113190737,,
264,264,Nagaland,Mokokchung,7.541386974076196,,
265,265,Chhattisgarh,Surguja,7.05979570924179,,
266,266,Arunachal Pradesh,West Siang,4.9570720676459334,,
267,267,Maharashtra,Nagpur,7.57674926059071,15.421601463277353,
268,268,West Bengal,Jalpaiguri,3.071082984859712,,
269,269,Odisha,Kendrapara,17.04030908839989,,
270,270,Himachal Pradesh,Bilaspur,57.11036267995064,28.49121849504878,
271,271,Rajasthan,Barmer,9.541633976080405,,
272,272,Bihar,Bhojpur,18.182865942166817,,
273,273,Rajasthan,Alwar,8.679950569835919,7.023568262980841,
274,274,Jharkhand,Sahibganj,5.046171049711111,,
275,275,Mizoram,Aizawl,10.29451548254658,,
276,276,Jammu and Kashmir,Punch,62.66316249262484,,
277,277,Uttar Pradesh,Firozabad,3.6074387651413518,11.9606065893641,
278,278,West Bengal,Kolkata,0.63596380101683,2.892598970419475,
279,279,Tamil Nadu,Karur,3.7231707360097284,,
280,280,Madhya Pradesh,Ujjain,17.641876471942716,6.578560595782198,
281,281,Bihar,Katihar,13.575888440172331,,
282,282,Rajasthan,Jhalawar,11.782147821768804,,
283,283,Uttar Pradesh,Baghpat,2.5676982405754107,,
284,284,Tamil Nadu,Tiruchirappalli,10.792472415564232,,
285,285,Jharkhand,Simdega,10.793637884879372,,
286,286,Maharashtra,Parbhani,3.129042694268453,12.359571276926259,
287,287,Jharkhand,Lohardaga,9.881384512203413,,
288,288,Karnataka,Chitradurga,24.184188596379165,,
289,289,Chhattisgarh,Balrampur,43.22752884665883,4.636671983233311,
290,290,Himachal Pradesh,Sirmaur,21.312742666348466,,
291,291,Uttar Pradesh,Ghazipur,18.34490224820707,,
292,292,Andhra Pradesh,East Godavari,3.550077296446037,1.9420209213642563,
293,293,West Bengal,Purba Medinipur,12.589701624868233,10.659430272107079,
294,294,West Bengal,Birbhum,20.63937250723817,1.2904502365043342,
295,295,Arunachal Pradesh,Lohit,19.697095832691275,,
296,296,Madhya Pradesh,Satna,18.520782018416288,10.928239967772956,
297,297,Bihar,Samastipur,17.256137922289604,,
298,298,Odisha,Cuttack,24.25730410305725,5.977157095826626,
299,299,Punjab,Jalandhar,14.776805318714805,18.128092227154404,
300,300,Uttar Pradesh,Deoria,17.514529475026087,0.25824539082135056,
301,301,Madhya Pradesh,Seoni,22.279919262543928,,
302,302,Uttar Pradesh,Jalaun,3.73872603185636,4.405396419925442,
303,303,Madhya Pradesh,Sagar,17.085120931199306,4.151345033898859,
304,304,Rajasthan,Ajmer,4.52555406228874,9.647246745125457,
305,305,Tamil Nadu,Pudukkottai,12.203178622643133,,
306,306,Jammu and Kashmir,Kathua,24.398372348817485,,
307,307,Uttar Pradesh,Kannauj,11.48633506319054,,
308,308,Gujarat,Junagadh,1.8133245597325285,,
309,309,Tamil Nadu,Coimbatore,7.7465890600589935,2.8023505984545496,
310,310,Punjab,Amritsar,21.734616806511575,15.863437276899905,
311,311,Jharkhand,Ramgarh,4.042086022253845,,
312,312,Chhattisgarh,Koriya,12.130369462854288,,
313,313,Haryana,Panchkula,24.207314908348998,,
314,314,Uttar Pradesh,Mau,7.077570309054089,,
315,315,Chhattisgarh,Raigarh,64.03602464853513,141.75464395323004,
316,316,Uttarakhand,Rudraprayag,13.241482128678605,,
317,317,Rajasthan,Bikaner,10.314874547187443,9.791241490985357,
318,318,Madhya Pradesh,Umaria,26.62534211721873,,
319,319,Karnataka,Chikkaballapura,6.949039959283054,14.864337408231066,
320,320,Tripura,North Tripura,14.84059242047121,,
321,321,Tamil Nadu,Thoothukkudi,7.871684077087945,1.6146519633158491,
322,322,Uttar Pradesh,Ghaziabad,11.308062441330394,1.7816109560961162,
323,323,Uttar Pradesh,Kaushambi,6.008268805879703,,
324,324,Tamil Nadu,Krishnagiri,14.669775156540569,,
325,325,Haryana,Palwal,8.78840553300931,,
326,326,Chhattisgarh,Kabeerdham,43.08853922305605,,
327,327,West Bengal,Uttar Dinajpur,0.897687996801942,,
328,328,Punjab,Mansa,19.302200045353068,,
329,329,Arunachal Pradesh,Kurung Kumey,10.408838489327751,,
330,330,Bihar,Begusarai,41.184604178420635,1.996968519347913,
331,331,Tamil Nadu,Dindigul,19.64911781251333,12.075488399047106,
332,332,Uttar Pradesh,Aligarh,6.294287940196318,9.314329156739175,
333,333,Tamil Nadu,Vellore,9.845000065269053,4.030224257741366,
334,334,Andhra Pradesh,Prakasam,14.857476678001607,,
335,335,Madhya Pradesh,Burhanpur,11.630170517570633,3.326828146702009,
336,336,Uttar Pradesh,Shrawasti,32.91096951684892,10.444624791185062,
337,337,Rajasthan,Baran,27.135665835510288,,
338,338,Odisha,Sambalpur,4.000247793716663,,
339,339,Uttar Pradesh,Chandauli,4.15053110506811,,
340,340,Karnataka,Ramanagara,1.4119032783239596,,
341,341,Jharkhand,Godda,5.363052289810315,,
342,342,Kerala,Kollam,20.89245475550785,,
343,343,Madhya Pradesh,Rajgarh,3.4837326956897674,,
344,344,Madhya Pradesh,Sidhi,24.68124803976524,,
345,345,Maharashtra,Nandurbar,7.521545381335544,10.41023403313184,
346,346,Uttar Pradesh,Kanpur Dehat,9.640853436493279,1.5577278847501674,
347,347,Kerala,Alappuzha,7.193844052891048,2.152115212884054,
348,348,Tamil Nadu,Chennai,5.050096983577105,1.0110568369250166,
349,349,Uttar Pradesh,Sitapur,18.86349117173692,,
350,350,Bihar,Saharsa,5.658646001695135,,
351,351,Bihar,Kishanganj,15.779962864178305,,
352,352,Tamil Nadu,Dharmapuri,24.91342144049391,,
353,353,Kerala,Wayanad,10.503966211512367,5.284009948110791,
354,354,Andhra Pradesh,Anantapur,7.798702879324884,10.002345239178236,
355,355,Jharkhand,Latehar,8.079758127612251,,
356,356,Kerala,Kozhikode,22.95469188735949,2.8750707934413247,
357,357,Haryana,Rewari,1.8287438521083657,,
358,358,Punjab,Patiala,2.7715034050405545,21.16401182203836,
359,359,Gujarat,Navsari,2.0529580420003275,,
360,360,Odisha,Sundargarh,5.038245893422448,,
361,361,Nagaland,Wokha,7.4324563483256245,,
362,362,Maharashtra,Chandrapur,48.273549421940956,,
363,363,Uttarakhand,Uttarkashi,8.334524718610558,,
364,364,Madhya Pradesh,Dewas,17.667347043698282,5.697481943207659,
365,365,Jharkhand,Dumka,201.1732903318552,,
366,366,Kerala,Malappuram,8.049341270410991,9.774773061786703,
367,367,Bihar,Khagaria,2.335169061665028,0.6798724828819479,
368,368,Chhattisgarh,Narayanpur,5.063093754041208,,
369,369,Rajasthan,Churu,15.632141591078625,5.641014054567635,
370,370,Rajasthan,Jaisalmer,22.489071704218368,,
371,371,Madhya Pradesh,Ratlam,15.963339287903755,1.7158158118405833,
372,372,Uttar Pradesh,Sant Kabir Nagar,15.513807109471134,2.7274199008133566,
373,373,Tamil Nadu,Erode,13.834915290313257,18.552135135275204,
374,374,Madhya Pradesh,Neemuch,4.927005537480404,2.346737748405796,
375,375,Himachal Pradesh,Solan,18.592107873339387,,
376,376,Rajasthan,Bharatpur,16.721360751110485,5.031788763504799,
377,377,Madhya Pradesh,Morena,13.406406279710035,,
378,378,Karnataka,Davanagere,5.262920678797301,2.5338606888520583,
379,379,Uttar Pradesh,Balrampur,43.22752884665883,4.636671983233311,
380,380,Bihar,Arwal,18.69358160562169,,
381,381,Himachal Pradesh,Kullu,11.108694474992573,,
382,382,Tamil Nadu,Ariyalur,15.639637148308392,,
383,383,Madhya Pradesh,Barwani,2.3848982010215516,1.5981368267669567,
384,384,Rajasthan,Banswara,21.535816871834232,11.93599602254314,
385,385,Tripura,Dhalai,14.044820329351149,,
386,386,Andhra Pradesh,Vizianagaram,7.401509380095002,,
387,387,Maharashtra,Dhule,5.880323482950548,4.410573896046574,
388,388,Andhra Pradesh,Srikakulam,4.1230768733989285,,
389,389,Kerala,Kasaragod,13.345625444101419,,
390,390,Uttar Pradesh,Hardoi,9.142456042786305,,
391,391,Uttar Pradesh,Mirzapur,9.515710140697372,,
392,392,Uttar Pradesh,Moradabad,3.4396401447127274,13.723621075737293,
393,393,Gujarat,Kheda,1.929220782779212,3.692752133003449,
394,394,Uttarakhand,Champawat,8.842148470979954,2.212885812394973,
395,395,Bihar,Supaul,1.3346762984702432,,
396,396,Madhya Pradesh,Panna,18.961735072138364,,
397,397,Kerala,Kottayam,10.717857540537533,,
398,398,Karnataka,Hassan,1.3253699799061214,,
399,399,Madhya Pradesh,Shajapur,9.681738868375009,15.598794237536682,
400,400,Uttarakhand,Bageshwar,19.2426161663097,,
401,401,Odisha,Kandhamal,9.791835403444724,,
402,402,Jammu and Kashmir,Pulwama,1.465056557266769,,
403,403,Odisha,Mayurbhanj,12.78654168851982,,
404,404,Uttar Pradesh,Pratapgarh,93.18176476609214,50.854799004880405,
405,405,Uttarakhand,Udham Singh Nagar,9.189360362626397,,
406,406,Chhattisgarh,Jashpur,3.9760289450278687,,
407,407,Bihar,Purnia,1.081460312534883,,
408,408,Uttarakhand,Nainital,16.997173372686667,1.5470512162406822,
409,409,Punjab,Barnala,7.048518730490263,11.292324186133902,
410,410,Rajasthan,Kota,5.813648725571046,12.26078377928953,
411,411,Madhya Pradesh,Anuppur,9.655262359712117,,
412,412,Rajasthan,Sawai Madhopur,9.045325953760043,8.738555057842925,
413,413,Uttarakhand,Chamoli,16.877777002720226,,
414,414,Himachal Pradesh,Kangra,30.831842995289925,6.697939881557495,
415,415,Madhya Pradesh,Mandla,3.652291115398322,5.335380340962718,
416,416,Haryana,Jhajjar,19.074412636246677,,
417,417,Chhattisgarh,Korba,31.503043523226022,,
418,418,Uttar Pradesh,Gautam Buddha Nagar,9.125384541954103,4.110053253626743,
419,419,Bihar,Patna,6.9960706616127455,1.414811097923861,
420,420,Maharashtra,Sangli,24.01929186849464,14.981125253075234,
421,421,Haryana,Fatehabad,30.78142396083488,,
422,422,Gujarat,Surat,0.30953319398145795,6.356345602585986,
423,423,Tamil Nadu,Perambalur,19.878785780842268,,
424,424,Jharkhand,Palamu,18.965544899623445,,
425,425,Maharashtra,Kolhapur,11.147539162204952,4.859333586386075,
426,426,Odisha,Subarnapur,4.026679033299149,,
427,427,Odisha,Nayagarh,6.17057957140651,,
428,428,Bihar,Nawada,9.132586580521947,,
429,429,Jharkhand,Garhwa,19.70295286632017,,
430,430,Maharashtra,Sindhudurg,5.490799265384703,,
431,431,Tamil Nadu,Tirunelveli,12.952553870974734,5.150326991292613,
432,432,Karnataka,Haveri,6.44855836110296,,
433,433,Tamil Nadu,Theni,18.825163993609976,15.294277817509672,
434,434,Bihar,Darbhanga,15.925325655796255,,
435,435,Gujarat,Patan,9.183331622022175,8.019509237943211,
436,436,Karnataka,Kodagu,1.4638925189014962,,
437,437,Uttar Pradesh,Bulandshahr,4.596066839866137,4.874574739037912,
438,438,Arunachal Pradesh,Tawang,0.6142250602276237,,
439,439,Karnataka,Bidar,11.283827046083472,3.318388369228436,
440,440,Maharashtra,Thane,5.1844456145844005,2.353584732347722,
441,441,Tamil Nadu,Thiruvallur,10.242639664737071,2.117345403864009,
442,442,Uttarakhand,Dehradun,30.41548111244998,7.582628230592264,
443,443,Maharashtra,Bhandara,47.07768153829934,,
444,444,Rajasthan,Sirohi,3.5983210348058354,,
445,445,Odisha,Kendujhar,19.392920899517783,,
446,446,Bihar,Jehanabad,17.795397219754488,1.0181724455334507,
447,447,Tamil Nadu,Virudhunagar,2.1826090961272566,,
448,448,Madhya Pradesh,Datia,6.113447969780573,2.012047825235626,
449,449,Tamil Nadu,Madurai,2.436706097063136,4.5350782671335805,
450,450,Bihar,Sheikhpura,9.617525075595843,,
451,451,Gujarat,Surendranagar,11.747034235877733,,
452,452,Uttarakhand,Pithoragarh,13.117459719101568,,
453,453,Punjab,Gurdaspur,39.87229858975097,11.717891827169145,
454,454,Arunachal Pradesh,Upper Siang,3.1730859389728185,,
455,455,Madhya Pradesh,Gwalior,13.627845887543973,2.7491569292312605,
456,456,Punjab,Ludhiana,16.775813087808256,10.90682957363319,
457,457,Rajasthan,Nagaur,7.675546769339482,2.647443487545557,
458,458,Nagaland,Dimapur,3.4552025980627343,,
459,459,Odisha,Puri,15.058907270820038,,
460,460,Punjab,Hoshiarpur,37.418585532291495,47.66161761696369,
461,461,Bihar,Vaishali,8.245734061056313,4.898353346885136,
462,462,Bihar,Banka,2.8464571140050587,,
463,463,Tamil Nadu,Salem,2.9497993130166797,,
464,464,Uttar Pradesh,Saharanpur,6.831551835541999,,
465,465,Jammu and Kashmir,Srinagar,10.157340322684027,6.315280766548499,
466,466,Madhya Pradesh,Tikamgarh,18.328710840084195,,
467,467,Karnataka,Raichur,2.971599793638742,,
468,468,Maharashtra,Akola,14.479448637049654,3.88336498820805,
469,469,Rajasthan,Dausa,12.545968363612694,2.0839512009115153,
470,470,Chhattisgarh,Raipur,32.80505796033659,,
